sym_a	sym_b	side	entry_idx	exit_idx	holding_bars	pnl	fold_id	weight
ELS	LNT	1.0	2017-06-16 19:30:00+00:00	2017-06-19 16:00:00+00:00	6	0.0012194783416180697	0	0.5
ELS	LNT	-1.0	2017-06-23 16:00:00+00:00	2017-06-26 14:00:00+00:00	9	0.0016029927421588137	0	0.5
ELS	LNT	-1.0	2017-06-29 14:00:00+00:00	2017-07-12 14:00:00+00:00	99	-0.0167691242986476	0	0.5
ELS	LNT	1.0	2017-07-21 14:00:00+00:00	2017-07-25 18:30:00+00:00	35	0.0005244932492955222	0	0.5
ELS	LNT	1.0	2017-08-07 13:30:00+00:00	2017-08-17 16:00:00+00:00	109	-0.007940220977567377	0	0.5
ELS	LNT	1.0	2017-08-24 14:00:00+00:00	2017-08-29 19:30:00+00:00	50	0.001975864094915432	0	0.5
UGI	WDC	-1.0	2017-07-21 14:00:00+00:00	2017-08-03 13:30:00+00:00	116	-0.014712242484213269	0	0.5
BAC	EMN	-1.0	2017-09-14 13:30:00+00:00	2017-09-20 13:30:00+00:00	52	0.008702478490159819	1	0.3333333333333333
BAC	EMN	1.0	2017-11-13 18:30:00+00:00	2017-11-15 14:30:00+00:00	18	-0.003188673907528343	1	0.3333333333333333
MNKD	NEE	-1.0	2017-09-13 13:30:00+00:00	2017-09-19 16:30:00+00:00	58	0.02915297503826166	1	0.3333333333333333
MNKD	NEE	-1.0	2017-10-02 15:30:00+00:00	2017-10-03 17:00:00+00:00	16	-0.03442129373233219	1	0.3333333333333333
MNKD	NEE	-1.0	2017-10-03 17:30:00+00:00	2017-10-04 13:30:00+00:00	5	0.006282986717640309	1	0.3333333333333333
MNKD	NEE	-1.0	2017-10-04 14:00:00+00:00	2017-10-05 14:00:00+00:00	13	-0.03262875162735208	1	0.3333333333333333
MNKD	NEE	-1.0	2017-10-05 14:30:00+00:00	2017-10-05 15:00:00+00:00	1	-0.03706995792872597	1	0.3333333333333333
MNKD	NEE	-1.0	2017-10-05 15:30:00+00:00	2017-10-05 16:00:00+00:00	1	0.030237181192613087	1	0.3333333333333333
MNKD	NEE	-1.0	2017-10-05 16:30:00+00:00	2017-10-17 17:30:00+00:00	106	0.03253745765858291	1	0.3333333333333333
BCE	NOMD	1.0	2017-09-14 13:30:00+00:00	2017-09-15 14:30:00+00:00	15	0.008828802112805222	1	0.3333333333333333
BCE	NOMD	1.0	2017-09-26 14:00:00+00:00	2017-09-28 17:30:00+00:00	33	0.007120878386944477	1	0.3333333333333333
BCE	NOMD	-1.0	2017-10-18 14:00:00+00:00	2017-10-20 15:00:00+00:00	28	0.0018645207940807436	1	0.3333333333333333
BCE	NOMD	1.0	2017-10-25 14:00:00+00:00	2017-11-02 15:00:00+00:00	80	-0.010875128530657502	1	0.3333333333333333
MT	STZ	1.0	2017-12-14 16:00:00+00:00	2017-12-21 16:30:00+00:00	66	0.007722929798071092	2	0.5
MT	STZ	-1.0	2018-01-05 14:30:00+00:00	2018-01-23 19:30:00+00:00	153	-0.006180679273889173	2	0.5
MT	STZ	-1.0	2018-02-08 20:30:00+00:00	2018-02-12 14:30:00+00:00	14	-0.004209539969553064	2	0.5
MT	STZ	-1.0	2018-02-14 16:00:00+00:00	2018-02-15 18:00:00+00:00	17	0.01620469675130552	2	0.5
AQN	CAI	-1.0	2017-12-26 14:30:00+00:00	2018-01-02 19:00:00+00:00	61	0.0032691956901579025	2	0.5
AQN	CAI	1.0	2018-01-04 15:00:00+00:00	2018-01-05 15:30:00+00:00	14	0.0014572950499075546	2	0.5
AQN	CAI	1.0	2018-02-06 16:30:00+00:00	2018-02-07 15:00:00+00:00	10	0.013922236437200291	2	0.5
AQN	CAI	1.0	2018-02-13 14:30:00+00:00	2018-02-15 14:30:00+00:00	26	0.006873154141685973	2	0.5
CP	PNR	1.0	2018-03-15 15:00:00+00:00	2018-03-22 19:30:00+00:00	74	0.017032451956757514	3	0.5
CP	PNR	1.0	2018-04-19 14:00:00+00:00	2018-04-23 14:00:00+00:00	26	0.01086157332361205	3	0.5
CP	PNR	-1.0	2018-04-24 15:30:00+00:00	2018-05-01 13:30:00+00:00	61	-0.0008426218387487141	3	0.5
CP	PNR	-1.0	2018-05-01 14:00:00+00:00	2018-05-01 14:30:00+00:00	1	-0.006442850386375702	3	0.5
CP	PNR	-1.0	2018-05-01 15:00:00+00:00	2018-05-01 15:30:00+00:00	1	-0.0007544619469649629	3	0.5
CP	PNR	-1.0	2018-05-01 16:00:00+00:00	2018-05-01 16:30:00+00:00	1	-0.008834791544593143	3	0.5
CP	PNR	-1.0	2018-05-01 17:00:00+00:00	2018-05-01 17:30:00+00:00	1	0.001266007210479354	3	0.5
CP	PNR	-1.0	2018-05-01 18:00:00+00:00	2018-05-16 14:00:00+00:00	135	0.011200960490313452	3	0.5
CP	PNR	-1.0	2018-05-31 14:00:00+00:00	2018-05-31 19:30:00+00:00	11	-0.0038861351197823535	3	0.5
LION	VKTX	1.0	2018-03-22 18:30:00+00:00	2018-03-23 13:30:00+00:00	3	-0.010461295722493009	3	0.5
LION	VKTX	1.0	2018-03-23 14:00:00+00:00	2018-03-23 15:00:00+00:00	2	-0.006367423976217366	3	0.5
LION	VKTX	1.0	2018-03-23 15:30:00+00:00	2018-03-29 14:00:00+00:00	49	0.00759762923717735	3	0.5
LION	VKTX	1.0	2018-04-02 16:00:00+00:00	2018-04-04 16:00:00+00:00	26	0.02239442772889485	3	0.5
LION	VKTX	1.0	2018-05-01 13:30:00+00:00	2018-05-02 15:00:00+00:00	16	0.02878116901070818	3	0.5
LION	VKTX	-1.0	2018-05-16 16:00:00+00:00	2018-05-29 13:30:00+00:00	99	-0.024498146289698285	3	0.5
CAI	CMS	1.0	2018-06-25 13:30:00+00:00	2018-07-09 18:00:00+00:00	121	0.036580727053086876	4	0.2
CAI	CMS	-1.0	2018-08-01 13:30:00+00:00	2018-08-07 16:30:00+00:00	58	0.03989786476777806	4	0.2
DHT	HAIN	1.0	2018-06-12 16:30:00+00:00	2018-06-14 18:00:00+00:00	29	0.03259934545117857	4	0.2
DHT	HAIN	1.0	2018-06-15 19:00:00+00:00	2018-06-26 14:00:00+00:00	81	-0.0069441951023498875	4	0.2
DHT	HAIN	1.0	2018-07-16 14:00:00+00:00	2018-07-18 17:00:00+00:00	32	0.025429390580760342	4	0.2
DHT	HAIN	1.0	2018-07-24 13:30:00+00:00	2018-08-02 16:00:00+00:00	96	0.01684473112219827	4	0.2
DHT	HAIN	-1.0	2018-08-08 15:30:00+00:00	2018-08-09 19:00:00+00:00	20	0.031096847252220686	4	0.2
DHT	HAIN	1.0	2018-08-15 13:30:00+00:00	2018-08-17 13:30:00+00:00	26	0.007095775281948796	4	0.2
OTEX	STX	-1.0	2018-06-12 15:00:00+00:00	2018-06-14 18:00:00+00:00	32	0.018936678902151453	4	0.2
OTEX	STX	-1.0	2018-07-06 13:30:00+00:00	2018-07-17 14:00:00+00:00	92	-0.026804444449258637	4	0.2
OTEX	STX	-1.0	2018-08-03 13:30:00+00:00	2018-08-03 14:00:00+00:00	1	0.006545993357636504	4	0.2
OTEX	STX	-1.0	2018-08-03 14:30:00+00:00	2018-08-07 15:00:00+00:00	27	0.03219056227230629	4	0.2
OTEX	STX	-1.0	2018-08-29 14:00:00+00:00	2018-08-29 19:30:00+00:00	11	0.00016541197210789035	4	0.2
DHT	OXLC	1.0	2018-06-12 18:00:00+00:00	2018-06-14 16:00:00+00:00	22	0.029533517104867898	4	0.2
DHT	OXLC	1.0	2018-06-15 19:00:00+00:00	2018-07-02 13:30:00+00:00	132	0.004824376416863285	4	0.2
DHT	OXLC	1.0	2018-07-16 13:30:00+00:00	2018-07-19 13:30:00+00:00	39	0.0039022826027571727	4	0.2
DHT	OXLC	1.0	2018-08-15 13:30:00+00:00	2018-08-17 13:30:00+00:00	26	0.007396012882210439	4	0.2
CG	STT	-1.0	2018-07-03 13:30:00+00:00	2018-07-03 14:00:00+00:00	1	-0.004440057322743657	4	0.2
CG	STT	-1.0	2018-07-03 14:30:00+00:00	2018-07-05 13:30:00+00:00	6	-0.006814172114661836	4	0.2
CG	STT	-1.0	2018-07-05 14:00:00+00:00	2018-07-05 14:30:00+00:00	1	-0.0019245892771306583	4	0.2
CG	STT	-1.0	2018-07-05 15:00:00+00:00	2018-07-05 15:30:00+00:00	1	-0.0020092283639114995	4	0.2
CG	STT	-1.0	2018-07-05 16:00:00+00:00	2018-07-05 16:30:00+00:00	1	-0.0043980425340588835	4	0.2
CG	STT	-1.0	2018-07-05 17:00:00+00:00	2018-07-05 17:30:00+00:00	1	0.0004042509808769761	4	0.2
CG	STT	-1.0	2018-07-05 18:00:00+00:00	2018-07-05 18:30:00+00:00	1	-0.0013314047171308248	4	0.2
CG	STT	-1.0	2018-07-05 19:00:00+00:00	2018-07-05 19:30:00+00:00	1	-0.002747088974754809	4	0.2
CG	STT	-1.0	2018-07-06 13:30:00+00:00	2018-07-06 14:00:00+00:00	1	-0.006989954955312918	4	0.2
CG	STT	-1.0	2018-07-06 14:30:00+00:00	2018-07-06 15:00:00+00:00	1	0.0011784927989033182	4	0.2
CG	STT	-1.0	2018-07-06 15:30:00+00:00	2018-08-07 13:30:00+00:00	282	0.008797127815956596	4	0.2
CG	STT	1.0	2018-08-28 17:30:00+00:00	2018-08-29 19:30:00+00:00	17	0.001199762329224043	4	0.2
FNB	GSIT	-1.0	2018-09-07 19:30:00+00:00	2018-09-10 13:30:00+00:00	1	-0.0005	5	0.25
FNB	GSIT	-1.0	2018-09-10 14:00:00+00:00	2018-09-13 17:00:00+00:00	45	-0.004793561133045476	5	0.25
FNB	GSIT	1.0	2018-09-24 14:00:00+00:00	2018-10-01 17:30:00+00:00	72	-0.02792474103276235	5	0.25
FNB	GSIT	1.0	2018-10-12 14:00:00+00:00	2018-10-12 16:30:00+00:00	5	-0.022594115104927252	5	0.25
FNB	GSIT	1.0	2018-10-12 17:00:00+00:00	2018-10-23 15:00:00+00:00	87	-0.00024674802971322556	5	0.25
FNB	GSIT	1.0	2018-10-26 13:30:00+00:00	2018-10-29 13:30:00+00:00	13	0.027432175691855347	5	0.25
GSIT	ZION	1.0	2018-10-19 15:30:00+00:00	2018-10-24 14:30:00+00:00	37	0.027091909329638255	5	0.25
GSIT	ZION	1.0	2018-10-29 16:00:00+00:00	2018-11-15 19:30:00+00:00	174	-0.02929426545773831	5	0.25
GSIT	MET	1.0	2018-10-18 13:30:00+00:00	2018-10-24 14:30:00+00:00	54	0.00239712755373439	5	0.25
GSIT	MET	1.0	2018-11-09 15:30:00+00:00	2018-11-15 20:30:00+00:00	62	0.017802171219360674	5	0.25
M	OTEX	-1.0	2018-10-04 14:30:00+00:00	2018-10-10 13:30:00+00:00	50	-0.028519867256379648	5	0.25
M	OTEX	-1.0	2018-10-10 14:00:00+00:00	2018-10-10 14:30:00+00:00	1	-0.0016568286623964436	5	0.25
M	OTEX	-1.0	2018-10-10 15:00:00+00:00	2018-10-10 15:30:00+00:00	1	-0.0015449701505853342	5	0.25
M	OTEX	-1.0	2018-10-10 16:00:00+00:00	2018-11-14 15:00:00+00:00	321	-0.02673124657478768	5	0.25
HBAN	KEY	1.0	2018-12-17 14:30:00+00:00	2018-12-28 15:00:00+00:00	100	0.010647612714678473	6	0.16666666666666666
HBAN	KEY	-1.0	2019-01-16 17:00:00+00:00	2019-01-17 14:30:00+00:00	8	-0.0018783143639212547	6	0.16666666666666666
HBAN	KEY	-1.0	2019-01-17 15:00:00+00:00	2019-01-17 15:30:00+00:00	1	-0.002069021663855489	6	0.16666666666666666
HBAN	KEY	-1.0	2019-01-17 16:00:00+00:00	2019-01-17 16:30:00+00:00	1	-0.0045631357970671756	6	0.16666666666666666
HBAN	KEY	-1.0	2019-01-17 17:00:00+00:00	2019-01-17 17:30:00+00:00	1	0.0004837196293355536	6	0.16666666666666666
HBAN	KEY	-1.0	2019-01-17 18:00:00+00:00	2019-01-31 16:30:00+00:00	114	0.0049063055270968355	6	0.16666666666666666
HBAN	KEY	-1.0	2019-02-22 16:30:00+00:00	2019-03-04 20:30:00+00:00	86	-0.00476544467484249	6	0.16666666666666666
DAL	NUE	1.0	2019-01-03 15:00:00+00:00	2019-01-28 14:30:00+00:00	207	0.0363481740174516	6	0.16666666666666666
DAL	NUE	-1.0	2019-02-05 15:00:00+00:00	2019-02-12 20:30:00+00:00	76	0.019197646346781325	6	0.16666666666666666
DAL	NUE	1.0	2019-03-01 14:30:00+00:00	2019-03-04 20:30:00+00:00	25	-0.010517330416873534	6	0.16666666666666666
ASM	RMBS	-1.0	2018-12-13 14:30:00+00:00	2018-12-28 14:30:00+00:00	125	-0.04841528408680886	6	0.16666666666666666
ASM	RMBS	1.0	2019-01-18 16:30:00+00:00	2019-01-29 14:30:00+00:00	74	-0.020465034585229188	6	0.16666666666666666
ASM	RMBS	1.0	2019-02-06 19:30:00+00:00	2019-02-19 15:30:00+00:00	96	0.014709569600994407	6	0.16666666666666666
ASM	RMBS	-1.0	2019-02-27 14:30:00+00:00	2019-02-28 19:00:00+00:00	22	0.027199904814107743	6	0.16666666666666666
COO	CSX	-1.0	2019-01-09 14:30:00+00:00	2019-02-05 20:30:00+00:00	246	-0.015441254927284423	6	0.16666666666666666
HBAN	KALA	-1.0	2019-02-25 15:30:00+00:00	2019-03-04 20:30:00+00:00	75	0.021025791194086534	6	0.16666666666666666
ASM	WDC	-1.0	2018-12-12 20:00:00+00:00	2019-01-09 14:30:00+00:00	218	-0.10345043527681026	6	0.16666666666666666
ASM	WDC	1.0	2019-01-24 15:00:00+00:00	2019-02-08 14:30:00+00:00	142	-0.030976561384637537	6	0.16666666666666666
ASM	WDC	1.0	2019-02-14 15:00:00+00:00	2019-02-19 15:30:00+00:00	27	0.02684363740320527	6	0.16666666666666666
ASM	WDC	-1.0	2019-02-19 20:30:00+00:00	2019-02-20 15:30:00+00:00	3	0.016739009395491316	6	0.16666666666666666
ASM	WDC	-1.0	2019-02-28 15:00:00+00:00	2019-02-28 18:00:00+00:00	6	0.038688334165453524	6	0.16666666666666666
ASM	WDC	1.0	2019-03-01 19:00:00+00:00	2019-03-04 20:30:00+00:00	16	-0.011438534017749576	6	0.16666666666666666
DHI	SMFG	-1.0	2019-04-11 15:00:00+00:00	2019-04-25 13:30:00+00:00	114	-0.02794514061915814	7	0.25
CVX	F	1.0	2019-04-12 13:30:00+00:00	2019-04-12 14:00:00+00:00	1	0.003204048366783405	7	0.25
CVX	F	1.0	2019-04-12 14:30:00+00:00	2019-04-12 15:00:00+00:00	1	-0.0011491493673016508	7	0.25
CVX	F	1.0	2019-04-12 15:30:00+00:00	2019-04-12 16:00:00+00:00	1	-0.00029910103454681676	7	0.25
CVX	F	1.0	2019-04-12 16:30:00+00:00	2019-04-12 17:00:00+00:00	1	-0.0019359274109772423	7	0.25
CVX	F	1.0	2019-04-12 17:30:00+00:00	2019-04-12 18:30:00+00:00	2	-0.00542439360893309	7	0.25
CVX	F	1.0	2019-04-12 19:00:00+00:00	2019-05-09 14:00:00+00:00	224	-0.06436571454612051	7	0.25
BHP	ETSY	-1.0	2019-03-29 13:30:00+00:00	2019-04-16 17:00:00+00:00	163	0.007228397364895271	7	0.25
BHP	ETSY	1.0	2019-04-25 13:30:00+00:00	2019-05-16 14:00:00+00:00	196	0.028135840941438606	7	0.25
BHP	ETSY	-1.0	2019-05-28 13:30:00+00:00	2019-05-29 13:30:00+00:00	13	0.005874571804104282	7	0.25
SLB	SMFG	1.0	2019-03-19 14:00:00+00:00	2019-03-22 14:30:00+00:00	40	0.015030979812935776	7	0.25
SLB	SMFG	-1.0	2019-04-10 13:30:00+00:00	2019-04-17 17:00:00+00:00	72	-0.004470974293096798	7	0.25
SLB	SMFG	1.0	2019-05-28 13:30:00+00:00	2019-06-03 16:00:00+00:00	57	0.014262068117368135	7	0.25
MA	SJM	-1.0	2019-07-11 14:30:00+00:00	2019-07-30 14:00:00+00:00	168	-0.01093601848768385	8	0.25
MA	SJM	-1.0	2019-08-27 13:30:00+00:00	2019-08-27 14:00:00+00:00	1	-0.005152547502079068	8	0.25
MA	SJM	-1.0	2019-08-27 14:30:00+00:00	2019-08-27 15:00:00+00:00	1	-0.0018177148372489115	8	0.25
MA	SJM	-1.0	2019-08-27 15:30:00+00:00	2019-08-27 16:00:00+00:00	1	-0.001330596915774293	8	0.25
MA	SJM	-1.0	2019-08-27 16:30:00+00:00	2019-08-30 19:30:00+00:00	45	-0.01423878077565079	8	0.25
FHN	SU	1.0	2019-06-20 13:30:00+00:00	2019-06-20 15:00:00+00:00	3	-0.005583971764972077	8	0.25
FHN	SU	1.0	2019-06-20 15:30:00+00:00	2019-06-26 13:30:00+00:00	48	0.017516753890914144	8	0.25
FHN	SU	-1.0	2019-07-16 16:30:00+00:00	2019-08-05 17:00:00+00:00	183	-0.016667133073838984	8	0.25
FHN	SU	1.0	2019-08-29 13:30:00+00:00	2019-08-30 16:00:00+00:00	18	0.006501135118780053	8	0.25
FHN	TTI	1.0	2019-06-20 13:30:00+00:00	2019-06-20 14:00:00+00:00	1	-0.005673639903876166	8	0.25
FHN	TTI	1.0	2019-06-20 14:30:00+00:00	2019-06-20 15:00:00+00:00	1	-0.0060211292362806505	8	0.25
FHN	TTI	1.0	2019-06-20 15:30:00+00:00	2019-06-24 14:00:00+00:00	23	0.04167748672323435	8	0.25
FHN	TTI	-1.0	2019-07-16 16:30:00+00:00	2019-08-01 17:30:00+00:00	158	-0.03649478923985079	8	0.25
FHN	TTI	1.0	2019-08-12 14:30:00+00:00	2019-08-23 13:30:00+00:00	115	-0.03226377762193262	8	0.25
FHN	TTI	-1.0	2019-08-30 14:30:00+00:00	2019-08-30 19:30:00+00:00	10	-0.0005572391984620477	8	0.25
CRVS	EVLV	-1.0	2019-06-28 19:30:00+00:00	2019-07-02 14:30:00+00:00	16	-0.0889300403317759	8	0.25
CRVS	EVLV	-1.0	2019-07-02 15:00:00+00:00	2019-07-02 15:30:00+00:00	1	-0.03223353420594208	8	0.25
CRVS	EVLV	-1.0	2019-07-02 16:00:00+00:00	2019-07-03 13:30:00+00:00	8	-0.027324344883368885	8	0.25
CRVS	EVLV	-1.0	2019-07-03 14:00:00+00:00	2019-07-03 14:30:00+00:00	1	-0.03703979740241653	8	0.25
CRVS	EVLV	-1.0	2019-07-03 15:00:00+00:00	2019-07-03 15:30:00+00:00	1	-0.015132616693571063	8	0.25
CRVS	EVLV	-1.0	2019-07-03 16:00:00+00:00	2019-07-05 13:30:00+00:00	3	-0.03278765607508388	8	0.25
CRVS	EVLV	-1.0	2019-07-05 14:00:00+00:00	2019-07-11 16:30:00+00:00	57	0.1360345284575305	8	0.25
ABEV	NG	1.0	2019-10-08 19:30:00+00:00	2019-10-15 14:00:00+00:00	54	0.008225092773904496	9	0.5
ABEV	NG	-1.0	2019-10-24 15:00:00+00:00	2019-11-20 15:30:00+00:00	246	0.03725890313036308	9	0.5
ABEV	CP	-1.0	2019-10-04 18:30:00+00:00	2019-10-08 19:30:00+00:00	28	0.022574936773544003	9	0.5
ABEV	CP	1.0	2019-10-25 13:30:00+00:00	2019-11-20 15:00:00+00:00	235	-0.03403125150077892	9	0.5
NI	PYPL	-1.0	2020-01-15 14:30:00+00:00	2020-02-19 15:30:00+00:00	301	-0.028865923478469717	10	0.5
NI	PYPL	1.0	2020-02-26 14:30:00+00:00	2020-02-26 15:00:00+00:00	1	0.035767760458047804	10	0.5
NI	PYPL	1.0	2020-02-26 19:00:00+00:00	2020-02-27 20:30:00+00:00	16	-0.031105484242986734	10	0.5
NI	PYPL	1.0	2020-02-28 14:30:00+00:00	2020-02-28 15:00:00+00:00	1	-0.012527581553729572	10	0.5
NI	PYPL	1.0	2020-02-28 15:30:00+00:00	2020-02-28 16:00:00+00:00	1	0.00021625152858135272	10	0.5
NI	PYPL	1.0	2020-02-28 16:30:00+00:00	2020-02-28 17:00:00+00:00	1	0.00613960014948765	10	0.5
NI	PYPL	1.0	2020-02-28 17:30:00+00:00	2020-02-28 18:30:00+00:00	2	-0.0082368148595812	10	0.5
NI	PYPL	1.0	2020-02-28 19:00:00+00:00	2020-03-03 15:00:00+00:00	18	0.02378035641440369	10	0.5
CRVS	TGB	-1.0	2019-12-31 17:00:00+00:00	2020-01-02 18:00:00+00:00	15	0.07944495323654605	10	0.5
CRVS	TGB	-1.0	2020-01-24 14:30:00+00:00	2020-01-31 20:00:00+00:00	76	0.07011363140468459	10	0.5
CRVS	TGB	1.0	2020-02-13 14:30:00+00:00	2020-02-13 15:00:00+00:00	1	0.0009200253005763664	10	0.5
CRVS	TGB	1.0	2020-02-13 15:30:00+00:00	2020-02-20 18:30:00+00:00	58	0.12826490663965065	10	0.5
GME	SONO	1.0	2020-07-17 17:00:00+00:00	2020-07-24 15:00:00+00:00	61	0.015362243004878241	12	1.0
GME	SONO	-1.0	2020-08-04 14:00:00+00:00	2020-08-31 13:30:00+00:00	246	-0.08657629236751961	12	1.0
GME	SONO	-1.0	2020-08-31 14:00:00+00:00	2020-08-31 16:30:00+00:00	5	-0.05214169006610664	12	1.0
GME	SONO	-1.0	2020-08-31 17:00:00+00:00	2020-08-31 17:30:00+00:00	1	-0.038079082145049785	12	1.0
GME	SONO	-1.0	2020-08-31 18:00:00+00:00	2020-08-31 19:30:00+00:00	3	0.033983299281973044	12	1.0
DG	YUMC	-1.0	2020-10-13 13:30:00+00:00	2020-10-20 13:30:00+00:00	65	0.002268443055808863	13	1.0
DG	YUMC	1.0	2020-10-23 16:30:00+00:00	2020-10-28 13:30:00+00:00	33	0.010148808656944014	13	1.0
DG	YUMC	1.0	2020-11-09 14:30:00+00:00	2020-11-25 14:30:00+00:00	156	-0.01216930863614847	13	1.0
GO	NFLX	-1.0	2020-12-16 14:30:00+00:00	2020-12-16 20:00:00+00:00	11	0.016370978336139135	14	0.2
GO	NFLX	-1.0	2020-12-23 14:30:00+00:00	2020-12-29 17:30:00+00:00	40	-0.004831391099326227	14	0.2
GO	NFLX	-1.0	2021-01-06 14:30:00+00:00	2021-01-08 14:30:00+00:00	26	0.005967233362486269	14	0.2
GO	NFLX	1.0	2021-01-20 14:30:00+00:00	2021-01-22 19:00:00+00:00	35	0.016644809277686134	14	0.2
GO	NFLX	-1.0	2021-01-27 14:30:00+00:00	2021-02-01 15:00:00+00:00	40	0.016438666248397654	14	0.2
GO	NFLX	1.0	2021-02-23 19:00:00+00:00	2021-02-24 14:30:00+00:00	4	-0.01312928126578223	14	0.2
GO	NFLX	1.0	2021-02-24 15:00:00+00:00	2021-02-24 15:30:00+00:00	1	-0.003996584987890788	14	0.2
GO	NFLX	1.0	2021-02-24 16:00:00+00:00	2021-03-03 20:30:00+00:00	74	-0.012237227140050901	14	0.2
CDW	XERS	1.0	2020-12-21 16:30:00+00:00	2020-12-29 14:30:00+00:00	56	0.0008881548964739741	14	0.2
CDW	XERS	-1.0	2021-01-21 18:30:00+00:00	2021-01-26 15:00:00+00:00	32	0.016092759604093704	14	0.2
CDW	XERS	-1.0	2021-02-02 15:00:00+00:00	2021-03-03 20:30:00+00:00	271	-0.06712224011794725	14	0.2
DG	NFLX	1.0	2020-12-31 14:30:00+00:00	2021-01-04 15:00:00+00:00	14	0.004800714549300035	14	0.2
DG	NFLX	-1.0	2021-01-06 14:30:00+00:00	2021-01-15 16:30:00+00:00	95	-0.012656960835339702	14	0.2
DG	NFLX	1.0	2021-01-20 14:30:00+00:00	2021-02-05 14:30:00+00:00	156	-0.03106045215406725	14	0.2
DG	NFLX	1.0	2021-02-24 15:00:00+00:00	2021-03-03 20:30:00+00:00	76	-0.014449631876454538	14	0.2
CELH	DG	-1.0	2020-12-31 14:30:00+00:00	2021-02-09 17:00:00+00:00	343	-0.12697744287885687	14	0.2
CELH	DG	-1.0	2021-02-25 14:30:00+00:00	2021-03-03 20:30:00+00:00	64	-0.030231806187109654	14	0.2
APVO	NFLX	1.0	2021-01-20 14:30:00+00:00	2021-01-20 15:00:00+00:00	1	-0.007470094622263853	14	0.2
APVO	NFLX	1.0	2021-01-20 15:30:00+00:00	2021-01-20 16:00:00+00:00	1	-0.00036079247541966454	14	0.2
APVO	NFLX	1.0	2021-01-20 16:30:00+00:00	2021-01-20 17:00:00+00:00	1	-0.0030214866361350746	14	0.2
APVO	NFLX	1.0	2021-01-20 17:30:00+00:00	2021-01-20 18:00:00+00:00	1	-0.0028961396667260353	14	0.2
APVO	NFLX	1.0	2021-01-20 18:30:00+00:00	2021-01-20 19:00:00+00:00	1	-0.012718260764727717	14	0.2
APVO	NFLX	1.0	2021-01-20 19:30:00+00:00	2021-01-20 20:00:00+00:00	1	-0.0019993687025651754	14	0.2
APVO	NFLX	1.0	2021-01-20 20:30:00+00:00	2021-01-27 16:30:00+00:00	57	0.049295193789905316	14	0.2
APVO	NFLX	-1.0	2021-03-03 17:30:00+00:00	2021-03-03 20:30:00+00:00	6	-0.007471137169255347	14	0.2
GO	YUMC	-1.0	2021-03-23 15:00:00+00:00	2021-03-24 14:30:00+00:00	12	0.017591043547852424	15	0.25
GO	YUMC	-1.0	2021-03-26 15:00:00+00:00	2021-04-07 14:30:00+00:00	90	0.008122297360499527	15	0.25
GO	YUMC	-1.0	2021-04-16 16:00:00+00:00	2021-04-19 15:30:00+00:00	12	0.02451119405052688	15	0.25
GO	YUMC	-1.0	2021-04-21 13:30:00+00:00	2021-04-28 18:00:00+00:00	74	-0.001943677533457091	15	0.25
GO	YUMC	-1.0	2021-05-06 15:30:00+00:00	2021-05-11 13:30:00+00:00	35	-0.000923338721589542	15	0.25
GO	YUMC	1.0	2021-05-12 13:30:00+00:00	2021-05-12 14:00:00+00:00	1	-0.013237959228975256	15	0.25
GO	YUMC	1.0	2021-05-12 14:30:00+00:00	2021-05-12 15:00:00+00:00	1	0.0008531530601483561	15	0.25
GO	YUMC	1.0	2021-05-12 15:30:00+00:00	2021-05-12 16:00:00+00:00	1	0.0030912580124683913	15	0.25
GO	YUMC	1.0	2021-05-12 16:30:00+00:00	2021-05-12 17:00:00+00:00	1	-0.0018457192838601437	15	0.25
GO	YUMC	1.0	2021-05-12 17:30:00+00:00	2021-05-12 18:00:00+00:00	1	-0.008820814869919823	15	0.25
GO	YUMC	1.0	2021-05-12 18:30:00+00:00	2021-05-12 19:00:00+00:00	1	-0.009498339209934564	15	0.25
GO	YUMC	1.0	2021-05-12 19:30:00+00:00	2021-06-02 19:30:00+00:00	182	0.01105089764014253	15	0.25
PPG	TXG	-1.0	2021-05-06 13:30:00+00:00	2021-05-06 17:30:00+00:00	8	-0.029535897405341623	15	0.25
PPG	TXG	-1.0	2021-05-06 18:00:00+00:00	2021-05-18 14:00:00+00:00	96	-0.011479607800258602	15	0.25
OPTT	YUMC	1.0	2021-04-08 13:30:00+00:00	2021-04-09 15:00:00+00:00	16	0.0212469964036762	15	0.25
OPTT	YUMC	1.0	2021-04-12 15:30:00+00:00	2021-04-20 14:00:00+00:00	75	0.012627094679482292	15	0.25
OPTT	YUMC	1.0	2021-04-28 13:30:00+00:00	2021-05-10 13:30:00+00:00	104	-0.016011687937279834	15	0.25
OPTT	YUMC	1.0	2021-05-13 16:00:00+00:00	2021-06-02 19:30:00+00:00	176	0.010586379059240607	15	0.25
APVO	REXR	1.0	2021-05-24 16:30:00+00:00	2021-05-25 13:30:00+00:00	7	-0.0038873778171785145	15	0.25
FMC	IP	1.0	2021-06-18 14:30:00+00:00	2021-07-12 14:00:00+00:00	194	-0.005654879797344185	16	0.5
FMC	IP	1.0	2021-08-04 13:30:00+00:00	2021-08-04 15:00:00+00:00	3	-0.019330807120586886	16	0.5
FMC	IP	1.0	2021-08-04 15:30:00+00:00	2021-08-04 16:30:00+00:00	2	-0.006089313856387932	16	0.5
FMC	IP	1.0	2021-08-04 17:00:00+00:00	2021-08-05 13:30:00+00:00	6	-0.00959128632717128	16	0.5
FMC	IP	1.0	2021-08-05 14:00:00+00:00	2021-08-05 14:30:00+00:00	1	-0.007974981035028613	16	0.5
FMC	IP	1.0	2021-08-05 15:00:00+00:00	2021-08-05 15:30:00+00:00	1	-0.0088209079964903	16	0.5
FMC	IP	1.0	2021-08-05 16:00:00+00:00	2021-08-05 16:30:00+00:00	1	-0.006471267806358244	16	0.5
FMC	IP	1.0	2021-08-05 17:00:00+00:00	2021-08-25 14:00:00+00:00	176	-0.011482629966921353	16	0.5
FIVN	LKQ	-1.0	2021-06-18 15:00:00+00:00	2021-07-01 15:00:00+00:00	117	0.00655404453300234	16	0.5
FIVN	LKQ	-1.0	2021-07-29 13:30:00+00:00	2021-08-02 13:30:00+00:00	26	0.017279477008634195	16	0.5
FIVN	LKQ	1.0	2021-08-19 13:30:00+00:00	2021-08-31 19:30:00+00:00	116	-0.02533885811541876	16	0.5
MBRX	RYN	-1.0	2021-09-28 13:30:00+00:00	2021-10-07 13:30:00+00:00	91	0.004439816951063012	17	0.16666666666666666
MBRX	RYN	1.0	2021-10-25 15:00:00+00:00	2021-10-29 19:00:00+00:00	60	0.04742266314220756	17	0.16666666666666666
MBRX	RYN	1.0	2021-11-03 18:30:00+00:00	2021-11-11 14:30:00+00:00	68	0.04610408403423327	17	0.16666666666666666
MBRX	RYN	1.0	2021-11-16 19:30:00+00:00	2021-11-26 14:30:00+00:00	81	0.011850668577084753	17	0.16666666666666666
OTEX	VTR	1.0	2021-09-13 16:00:00+00:00	2021-09-24 14:00:00+00:00	113	0.011781700909530835	17	0.16666666666666666
OTEX	VTR	-1.0	2021-10-25 18:00:00+00:00	2021-10-27 15:00:00+00:00	20	0.009170594260110082	17	0.16666666666666666
OTEX	VTR	-1.0	2021-10-29 17:30:00+00:00	2021-11-03 14:30:00+00:00	33	0.007821616296284431	17	0.16666666666666666
OTEX	VTR	-1.0	2021-11-04 16:00:00+00:00	2021-11-10 19:00:00+00:00	56	0.012633233727127515	17	0.16666666666666666
OTEX	VTR	-1.0	2021-11-19 16:30:00+00:00	2021-11-23 15:00:00+00:00	23	0.03681490839596789	17	0.16666666666666666
CROX	MRNA	-1.0	2021-10-22 13:30:00+00:00	2021-11-05 13:30:00+00:00	130	0.0580747379338282	17	0.16666666666666666
CROX	MRNA	-1.0	2021-11-05 14:00:00+00:00	2021-11-19 14:30:00+00:00	129	0.057818557772936305	17	0.16666666666666666
CNQ	ESRT	-1.0	2021-09-30 15:00:00+00:00	2021-10-01 18:00:00+00:00	19	0.020925014312332506	17	0.16666666666666666
CNQ	ESRT	-1.0	2021-10-04 15:30:00+00:00	2021-11-05 13:30:00+00:00	308	-0.021066777692120797	17	0.16666666666666666
CNQ	ESRT	-1.0	2021-11-30 15:00:00+00:00	2021-11-30 20:30:00+00:00	11	0.004757664301258567	17	0.16666666666666666
AEG	SMMT	-1.0	2021-09-22 13:30:00+00:00	2021-09-22 14:00:00+00:00	1	-0.008026817433328427	17	0.16666666666666666
AEG	SMMT	-1.0	2021-09-22 14:30:00+00:00	2021-10-13 13:30:00+00:00	193	-0.0024486477707827787	17	0.16666666666666666
AEG	SMMT	1.0	2021-11-03 14:30:00+00:00	2021-11-11 15:30:00+00:00	78	-0.008415594174223336	17	0.16666666666666666
AEG	SMMT	1.0	2021-11-26 14:30:00+00:00	2021-11-26 15:00:00+00:00	1	-0.000468855142550149	17	0.16666666666666666
AEG	SMMT	1.0	2021-11-26 15:30:00+00:00	2021-11-30 20:30:00+00:00	31	0.03615175421453037	17	0.16666666666666666
EMN	VTR	1.0	2021-09-14 15:30:00+00:00	2021-09-24 14:30:00+00:00	102	-0.0016078267173105817	17	0.16666666666666666
EMN	VTR	-1.0	2021-10-25 15:00:00+00:00	2021-10-27 19:00:00+00:00	34	0.012463522698321596	17	0.16666666666666666
EMN	VTR	-1.0	2021-11-02 14:30:00+00:00	2021-11-30 20:30:00+00:00	252	0.019280656640948055	17	0.16666666666666666
GOOGL	TROW	-1.0	2021-12-09 16:00:00+00:00	2021-12-17 17:30:00+00:00	81	0.0018883521242295952	18	0.2
GOOGL	TROW	-1.0	2022-01-12 14:30:00+00:00	2022-01-12 15:30:00+00:00	2	-0.013776227068958048	18	0.2
GOOGL	TROW	-1.0	2022-01-12 16:00:00+00:00	2022-01-12 16:30:00+00:00	1	-0.006812523733687748	18	0.2
GOOGL	TROW	-1.0	2022-01-12 17:00:00+00:00	2022-01-12 17:30:00+00:00	1	-0.0002578981474194962	18	0.2
GOOGL	TROW	-1.0	2022-01-12 18:00:00+00:00	2022-02-09 14:30:00+00:00	240	0.038568887514015375	18	0.2
GOOGL	TROW	-1.0	2022-03-01 14:30:00+00:00	2022-03-02 20:30:00+00:00	25	0.0003615895778817219	18	0.2
CENX	CNI	1.0	2021-12-15 15:00:00+00:00	2021-12-15 20:30:00+00:00	11	0.030322495416853862	18	0.2
CENX	CNI	-1.0	2021-12-20 14:30:00+00:00	2021-12-21 14:30:00+00:00	13	-0.01822956755991083	18	0.2
CENX	CNI	-1.0	2021-12-21 15:00:00+00:00	2021-12-21 15:30:00+00:00	1	-0.0036182546008794725	18	0.2
CENX	CNI	-1.0	2021-12-21 16:00:00+00:00	2021-12-21 16:30:00+00:00	1	-0.003191407158831575	18	0.2
CENX	CNI	-1.0	2021-12-21 17:00:00+00:00	2022-01-12 15:30:00+00:00	192	0.0024667168273959936	18	0.2
CENX	CNI	-1.0	2022-01-20 15:30:00+00:00	2022-01-20 19:30:00+00:00	8	0.01710891249049683	18	0.2
CENX	CNI	1.0	2022-01-21 14:30:00+00:00	2022-01-24 20:30:00+00:00	25	0.015654452235304095	18	0.2
CENX	CNI	1.0	2022-01-28 15:00:00+00:00	2022-02-04 15:00:00+00:00	65	0.05169846426349038	18	0.2
CENX	CNI	-1.0	2022-03-01 14:30:00+00:00	2022-03-02 20:30:00+00:00	25	-0.006067564175301066	18	0.2
SBUX	XEL	1.0	2021-12-17 14:30:00+00:00	2021-12-22 19:30:00+00:00	49	0.011991570600500382	18	0.2
SBUX	XEL	1.0	2022-01-10 14:30:00+00:00	2022-02-01 19:30:00+00:00	205	-0.03133976984661988	18	0.2
SBUX	XEL	1.0	2022-02-23 15:00:00+00:00	2022-03-02 20:30:00+00:00	76	0.006294844101505595	18	0.2
AES	XFOR	-1.0	2021-12-13 20:30:00+00:00	2021-12-17 14:30:00+00:00	40	0.018731942756939103	18	0.2
AES	XFOR	1.0	2022-01-25 14:30:00+00:00	2022-01-26 14:30:00+00:00	13	0.01117938422222993	18	0.2
AES	XFOR	1.0	2022-01-28 15:00:00+00:00	2022-02-02 20:30:00+00:00	50	0.03018779413721408	18	0.2
AES	XFOR	1.0	2022-03-01 16:30:00+00:00	2022-03-02 20:30:00+00:00	21	0.03269368892560539	18	0.2
RCKT	XFOR	-1.0	2021-12-14 17:30:00+00:00	2021-12-17 14:30:00+00:00	33	0.11304474487347481	18	0.2
RCKT	XFOR	1.0	2022-01-28 15:00:00+00:00	2022-02-01 20:30:00+00:00	37	0.07107290303865046	18	0.2
RCKT	XFOR	-1.0	2022-02-09 14:30:00+00:00	2022-02-24 15:00:00+00:00	131	0.023195655728527158	18	0.2
DAN	PTON	1.0	2022-04-05 14:30:00+00:00	2022-04-19 13:30:00+00:00	115	-0.02728318418240916	19	0.25
DAN	PTON	-1.0	2022-05-26 14:00:00+00:00	2022-06-01 19:30:00+00:00	50	-0.039467443151684926	19	0.25
JD	PTON	1.0	2022-04-21 13:30:00+00:00	2022-04-26 16:00:00+00:00	44	0.01316125354907001	19	0.25
JD	PTON	-1.0	2022-04-29 13:30:00+00:00	2022-05-05 14:00:00+00:00	53	0.013519542838693433	19	0.25
JD	PTON	-1.0	2022-05-31 13:30:00+00:00	2022-06-01 19:30:00+00:00	25	0.031590540720204084	19	0.25
JD	PLG	1.0	2022-04-21 13:30:00+00:00	2022-04-26 16:00:00+00:00	44	0.014410775393268838	19	0.25
JD	PLG	-1.0	2022-04-29 13:30:00+00:00	2022-05-05 14:00:00+00:00	53	0.015291118009489	19	0.25
JD	PLG	-1.0	2022-05-31 13:30:00+00:00	2022-06-01 19:30:00+00:00	25	0.03219169609309973	19	0.25
WEC	XP	-1.0	2022-03-25 14:00:00+00:00	2022-04-18 19:00:00+00:00	205	-0.02973275950699969	19	0.25
WEC	XP	1.0	2022-04-29 19:30:00+00:00	2022-05-09 15:00:00+00:00	69	0.010890424696735677	19	0.25
WEC	XP	-1.0	2022-05-23 14:00:00+00:00	2022-06-01 19:30:00+00:00	89	-0.006530440664048245	19	0.25
CYCN	WWR	-1.0	2022-06-08 14:30:00+00:00	2022-06-10 13:30:00+00:00	24	-0.03087833787271267	20	0.125
CYCN	WWR	-1.0	2022-06-24 15:00:00+00:00	2022-06-24 16:00:00+00:00	2	-0.0762784936434583	20	0.125
CYCN	WWR	-1.0	2022-06-24 16:30:00+00:00	2022-06-27 13:30:00+00:00	7	0.09026364176963458	20	0.125
CYCN	WWR	-1.0	2022-07-01 18:00:00+00:00	2022-07-07 16:30:00+00:00	36	-0.04002519993293139	20	0.125
CYCN	WWR	-1.0	2022-07-11 14:00:00+00:00	2022-07-15 19:00:00+00:00	62	-0.04815279055186702	20	0.125
CYCN	WWR	1.0	2022-07-18 16:00:00+00:00	2022-07-21 14:00:00+00:00	35	0.0075836276266297645	20	0.125
CYCN	WWR	1.0	2022-07-28 14:30:00+00:00	2022-07-28 15:30:00+00:00	2	0.0180877919073629	20	0.125
CYCN	WWR	-1.0	2022-07-28 19:30:00+00:00	2022-08-01 14:30:00+00:00	16	0.05028954116208663	20	0.125
CYCN	WWR	1.0	2022-08-02 14:00:00+00:00	2022-08-02 19:30:00+00:00	11	0.03718626274543622	20	0.125
CYCN	WWR	1.0	2022-08-08 13:30:00+00:00	2022-08-08 16:00:00+00:00	5	0.029401547911455463	20	0.125
CYCN	WWR	-1.0	2022-08-08 18:30:00+00:00	2022-08-09 14:30:00+00:00	5	0.10065046105969755	20	0.125
CYCN	WWR	1.0	2022-08-15 13:30:00+00:00	2022-08-17 14:30:00+00:00	28	-0.08406669629844479	20	0.125
CYCN	WWR	-1.0	2022-08-19 13:30:00+00:00	2022-08-19 15:30:00+00:00	4	0.05439050564422109	20	0.125
CYCN	WWR	-1.0	2022-08-22 14:00:00+00:00	2022-08-22 19:30:00+00:00	11	0.052015561458480415	20	0.125
BOXL	OLMA	1.0	2022-06-30 14:30:00+00:00	2022-06-30 16:30:00+00:00	4	0.05089083489107419	20	0.125
BOXL	OLMA	1.0	2022-07-05 16:00:00+00:00	2022-07-11 13:30:00+00:00	47	-0.03466200697618338	20	0.125
BOXL	OLMA	1.0	2022-07-22 13:30:00+00:00	2022-07-22 14:00:00+00:00	1	0.05633106702874427	20	0.125
BOXL	OLMA	1.0	2022-07-22 14:30:00+00:00	2022-08-03 18:00:00+00:00	111	0.03330118322234027	20	0.125
BOXL	OLMA	-1.0	2022-08-10 16:30:00+00:00	2022-08-19 15:30:00+00:00	89	0.01126960676481199	20	0.125
MTDR	OVV	1.0	2022-06-21 18:00:00+00:00	2022-06-29 17:30:00+00:00	77	0.005585457267479667	20	0.125
MTDR	OVV	-1.0	2022-07-06 18:00:00+00:00	2022-07-07 15:00:00+00:00	7	0.012035254167672513	20	0.125
MTDR	OVV	-1.0	2022-07-26 18:30:00+00:00	2022-08-04 18:30:00+00:00	91	-0.006692547951121964	20	0.125
MTDR	OVV	1.0	2022-08-26 13:30:00+00:00	2022-08-31 19:30:00+00:00	51	0.020966568013706485	20	0.125
CSAN	RIO	-1.0	2022-07-27 15:30:00+00:00	2022-08-22 14:00:00+00:00	231	0.00807035775726729	20	0.125
CWH	UPWK	1.0	2022-06-15 18:00:00+00:00	2022-06-16 14:30:00+00:00	6	-0.022818310706323466	20	0.125
CWH	UPWK	1.0	2022-06-16 15:00:00+00:00	2022-07-12 13:30:00+00:00	205	-0.07934605464709459	20	0.125
CWH	UPWK	-1.0	2022-07-22 14:30:00+00:00	2022-08-30 14:30:00+00:00	351	-0.017016791116809066	20	0.125
BILI	RCAT	-1.0	2022-06-15 15:00:00+00:00	2022-06-21 14:00:00+00:00	37	0.062359658595672274	20	0.125
BILI	RCAT	1.0	2022-07-08 14:00:00+00:00	2022-07-18 14:00:00+00:00	78	0.08328942160572066	20	0.125
BILI	RCAT	1.0	2022-07-26 17:30:00+00:00	2022-07-27 15:00:00+00:00	8	0.017272097407083336	20	0.125
BILI	RCAT	1.0	2022-08-01 15:30:00+00:00	2022-08-02 13:30:00+00:00	9	0.027506160838947382	20	0.125
BILI	RCAT	-1.0	2022-08-09 16:00:00+00:00	2022-08-16 13:30:00+00:00	60	-0.02263535705872964	20	0.125
BILI	RCAT	1.0	2022-08-19 14:30:00+00:00	2022-08-25 14:00:00+00:00	51	0.009966207712823617	20	0.125
BHVN	VNOM	-1.0	2022-06-17 18:30:00+00:00	2022-06-27 15:00:00+00:00	58	0.012424070766198225	20	0.125
BHVN	VNOM	1.0	2022-08-02 18:00:00+00:00	2022-08-03 19:00:00+00:00	15	0.004765498841705634	20	0.125
BHVN	VNOM	-1.0	2022-08-04 19:00:00+00:00	2022-08-10 17:30:00+00:00	49	0.0005322963793039071	20	0.125
BHVN	VNOM	-1.0	2022-08-30 18:30:00+00:00	2022-08-31 19:30:00+00:00	15	0.0012820945931031596	20	0.125
CAG	CYCN	1.0	2022-06-17 16:30:00+00:00	2022-06-21 14:30:00+00:00	9	0.011902594923712437	20	0.125
CAG	CYCN	-1.0	2022-06-23 14:30:00+00:00	2022-07-14 13:30:00+00:00	180	-0.058380237490877826	20	0.125
BILI	NIO	1.0	2022-09-09 16:30:00+00:00	2022-09-21 14:00:00+00:00	99	-0.02036976803167149	21	0.16666666666666666
BILI	NIO	-1.0	2022-10-24 14:00:00+00:00	2022-10-25 15:00:00+00:00	15	0.040554577405470395	21	0.16666666666666666
BILI	NIO	1.0	2022-11-04 14:30:00+00:00	2022-11-04 18:30:00+00:00	8	0.025559768004587615	21	0.16666666666666666
BILI	NIO	-1.0	2022-11-07 16:30:00+00:00	2022-11-11 15:30:00+00:00	50	-0.01277835889355256	21	0.16666666666666666
BILI	NIO	-1.0	2022-11-15 14:30:00+00:00	2022-11-23 14:30:00+00:00	78	0.03239022283857086	21	0.16666666666666666
HOG	SMCI	-1.0	2022-10-26 13:30:00+00:00	2022-10-26 14:00:00+00:00	1	-0.023488762591567642	21	0.16666666666666666
HOG	SMCI	-1.0	2022-10-26 14:30:00+00:00	2022-10-26 15:00:00+00:00	1	-0.015530842611339836	21	0.16666666666666666
HOG	SMCI	-1.0	2022-10-26 15:30:00+00:00	2022-10-26 16:00:00+00:00	1	0.0036151743182315536	21	0.16666666666666666
HOG	SMCI	-1.0	2022-10-26 16:30:00+00:00	2022-10-26 17:00:00+00:00	1	-0.0035451280236376724	21	0.16666666666666666
HOG	SMCI	-1.0	2022-10-26 17:30:00+00:00	2022-11-17 14:30:00+00:00	200	-0.09395399636652785	21	0.16666666666666666
LPTH	UA	1.0	2022-10-25 13:30:00+00:00	2022-10-25 18:00:00+00:00	9	0.03466745885025597	21	0.16666666666666666
LPTH	UA	-1.0	2022-10-26 14:30:00+00:00	2022-10-27 13:30:00+00:00	11	-0.014684987175149494	21	0.16666666666666666
LPTH	UA	-1.0	2022-10-28 14:00:00+00:00	2022-11-01 15:00:00+00:00	28	0.03824787518509873	21	0.16666666666666666
LPTH	UA	1.0	2022-11-03 13:30:00+00:00	2022-11-07 18:00:00+00:00	33	0.02583348989776039	21	0.16666666666666666
ARAY	LPTH	-1.0	2022-11-04 18:00:00+00:00	2022-11-07 18:00:00+00:00	11	-0.017673656960085105	21	0.16666666666666666
ARAY	LPTH	-1.0	2022-11-07 19:00:00+00:00	2022-11-14 17:30:00+00:00	62	0.03842300954387702	21	0.16666666666666666
LUMN	YOU	1.0	2022-11-03 14:00:00+00:00	2022-11-03 15:30:00+00:00	3	-0.031637096878657144	21	0.16666666666666666
LUMN	YOU	1.0	2022-11-03 16:00:00+00:00	2022-11-03 16:30:00+00:00	1	0.010921162344294643	21	0.16666666666666666
LUMN	YOU	1.0	2022-11-03 17:00:00+00:00	2022-11-03 18:00:00+00:00	2	-0.018851955950527764	21	0.16666666666666666
LUMN	YOU	1.0	2022-11-03 18:30:00+00:00	2022-11-03 19:30:00+00:00	2	-0.012862919669168336	21	0.16666666666666666
LUMN	YOU	1.0	2022-11-04 13:30:00+00:00	2022-11-08 15:30:00+00:00	28	0.024167071738836685	21	0.16666666666666666
PPBT	RKLB	-1.0	2022-09-23 17:00:00+00:00	2022-09-23 18:00:00+00:00	2	0.048509521960102664	21	0.16666666666666666
PPBT	RKLB	-1.0	2022-09-30 13:30:00+00:00	2022-10-10 17:30:00+00:00	86	-0.04576307364050628	21	0.16666666666666666
PPBT	RKLB	-1.0	2022-10-21 17:00:00+00:00	2022-10-24 15:00:00+00:00	9	-0.013173610027836404	21	0.16666666666666666
PPBT	RKLB	1.0	2022-10-26 15:00:00+00:00	2022-10-31 19:00:00+00:00	47	0.009487095094171796	21	0.16666666666666666
PPBT	RKLB	1.0	2022-11-10 14:30:00+00:00	2022-11-14 20:00:00+00:00	37	0.01802178263297026	21	0.16666666666666666
PPBT	RKLB	-1.0	2022-11-16 14:30:00+00:00	2022-11-22 16:00:00+00:00	55	0.05951754912003261	21	0.16666666666666666
CRM	EPRT	-1.0	2023-01-03 15:00:00+00:00	2023-01-11 18:30:00+00:00	85	-0.011773242196025746	22	0.1111111111111111
CRM	EPRT	1.0	2023-02-17 14:30:00+00:00	2023-02-17 16:00:00+00:00	3	-0.012859638378747366	22	0.1111111111111111
CRM	EPRT	1.0	2023-02-17 16:30:00+00:00	2023-03-01 14:30:00+00:00	87	0.014257041334492196	22	0.1111111111111111
CUZ	FOX	-1.0	2022-12-19 14:30:00+00:00	2022-12-29 14:30:00+00:00	91	0.006846977077601429	22	0.1111111111111111
CUZ	FOX	1.0	2023-02-08 14:30:00+00:00	2023-02-08 15:30:00+00:00	2	-0.0075899943552384126	22	0.1111111111111111
CUZ	FOX	1.0	2023-02-08 16:00:00+00:00	2023-02-28 18:00:00+00:00	173	0.019227492309893696	22	0.1111111111111111
FOX	MFC	1.0	2022-12-19 14:30:00+00:00	2022-12-22 19:00:00+00:00	48	0.01441550832632259	22	0.1111111111111111
FOX	MFC	1.0	2023-01-18 14:30:00+00:00	2023-01-23 16:00:00+00:00	42	0.008053636178856646	22	0.1111111111111111
FOX	MFC	-1.0	2023-02-02 15:00:00+00:00	2023-02-07 17:30:00+00:00	44	0.004548775627934841	22	0.1111111111111111
FOX	MFC	-1.0	2023-02-08 14:30:00+00:00	2023-02-16 15:30:00+00:00	80	0.0017421187857519678	22	0.1111111111111111
FOX	MFC	1.0	2023-02-28 15:30:00+00:00	2023-03-01 14:30:00+00:00	11	-0.007499535720226635	22	0.1111111111111111
FOX	MFC	1.0	2023-03-01 15:00:00+00:00	2023-03-03 20:30:00+00:00	37	-0.0032579520900387405	22	0.1111111111111111
LESL	OUST	-1.0	2023-01-05 20:00:00+00:00	2023-01-17 14:30:00+00:00	80	0.019342230127566765	22	0.1111111111111111
LESL	OUST	1.0	2023-02-03 15:00:00+00:00	2023-02-13 15:30:00+00:00	79	0.05485484925492842	22	0.1111111111111111
DPRO	KMX	-1.0	2022-12-20 14:30:00+00:00	2022-12-21 16:30:00+00:00	17	0.05885171043752997	22	0.1111111111111111
DPRO	KMX	-1.0	2023-01-18 15:00:00+00:00	2023-01-18 18:00:00+00:00	6	-0.07477580991970456	22	0.1111111111111111
DPRO	KMX	-1.0	2023-01-18 18:30:00+00:00	2023-02-02 16:00:00+00:00	138	0.21475518832930438	22	0.1111111111111111
OHI	VIPS	1.0	2022-12-16 15:00:00+00:00	2023-01-06 15:30:00+00:00	170	0.01477345467466513	22	0.1111111111111111
OHI	VIPS	1.0	2023-01-10 14:30:00+00:00	2023-01-11 19:30:00+00:00	23	0.03068844685561455	22	0.1111111111111111
OHI	VIPS	1.0	2023-03-01 14:30:00+00:00	2023-03-03 20:30:00+00:00	38	0.007867246510726868	22	0.1111111111111111
EBAY	SHW	-1.0	2023-01-05 14:30:00+00:00	2023-01-05 18:00:00+00:00	7	-0.01739958082198051	22	0.1111111111111111
EBAY	SHW	-1.0	2023-01-05 18:30:00+00:00	2023-01-05 19:00:00+00:00	1	-0.003820752937533025	22	0.1111111111111111
EBAY	SHW	-1.0	2023-01-05 19:30:00+00:00	2023-01-05 20:00:00+00:00	1	-0.006137132400247888	22	0.1111111111111111
EBAY	SHW	-1.0	2023-01-05 20:30:00+00:00	2023-02-23 14:30:00+00:00	417	-0.011070804866819713	22	0.1111111111111111
HPP	HUN	1.0	2023-01-04 16:30:00+00:00	2023-01-05 15:00:00+00:00	10	-0.02445879155709259	22	0.1111111111111111
HPP	HUN	1.0	2023-01-05 15:30:00+00:00	2023-01-06 14:30:00+00:00	11	-0.021279242490568583	22	0.1111111111111111
HPP	HUN	1.0	2023-01-06 15:00:00+00:00	2023-01-17 15:30:00+00:00	79	0.024414277521175247	22	0.1111111111111111
HPP	HUN	-1.0	2023-02-21 16:00:00+00:00	2023-02-24 20:00:00+00:00	47	0.016274240229920148	22	0.1111111111111111
DPRO	SHW	-1.0	2023-01-18 14:30:00+00:00	2023-01-18 18:00:00+00:00	7	-0.05891147212575448	22	0.1111111111111111
DPRO	SHW	-1.0	2023-01-18 18:30:00+00:00	2023-02-07 20:00:00+00:00	185	0.23202310498932785	22	0.1111111111111111
AMPL	SRAD	1.0	2023-04-12 17:30:00+00:00	2023-04-18 19:30:00+00:00	56	0.04358309771618696	23	0.14285714285714285
AMPL	SRAD	1.0	2023-05-10 15:00:00+00:00	2023-05-16 15:00:00+00:00	52	-0.004907705421215203	23	0.14285714285714285
AMPL	SRAD	1.0	2023-05-16 15:30:00+00:00	2023-05-31 17:00:00+00:00	133	0.10917549724045021	23	0.14285714285714285
ALKT	FSLR	1.0	2023-04-25 17:30:00+00:00	2023-04-26 14:00:00+00:00	6	-0.029563337244589573	23	0.14285714285714285
ALKT	FSLR	1.0	2023-04-26 14:30:00+00:00	2023-04-28 13:30:00+00:00	24	0.017355761452935107	23	0.14285714285714285
ALKT	FSLR	1.0	2023-05-02 15:30:00+00:00	2023-05-04 13:30:00+00:00	22	-0.002870016601795275	23	0.14285714285714285
STLA	UWMC	1.0	2023-04-05 16:30:00+00:00	2023-04-11 15:30:00+00:00	37	0.026373295603322286	23	0.14285714285714285
STLA	UWMC	1.0	2023-04-24 13:30:00+00:00	2023-05-09 13:30:00+00:00	143	-0.024520923180339133	23	0.14285714285714285
STLA	UWMC	1.0	2023-05-31 14:30:00+00:00	2023-06-02 19:30:00+00:00	36	0.010156512471328273	23	0.14285714285714285
AMPL	IQV	1.0	2023-03-22 15:00:00+00:00	2023-03-27 16:00:00+00:00	41	0.03477930982272109	23	0.14285714285714285
AMPL	IQV	1.0	2023-04-12 16:30:00+00:00	2023-04-19 13:30:00+00:00	59	0.024198271159945047	23	0.14285714285714285
AMPL	IQV	1.0	2023-05-10 15:00:00+00:00	2023-05-16 14:30:00+00:00	51	0.009240359527370333	23	0.14285714285714285
AMPL	IQV	1.0	2023-05-16 15:00:00+00:00	2023-05-16 15:30:00+00:00	1	-0.0038928742215580616	23	0.14285714285714285
AMPL	IQV	1.0	2023-05-16 16:00:00+00:00	2023-05-16 16:30:00+00:00	1	0.0021756692013017776	23	0.14285714285714285
AMPL	IQV	1.0	2023-05-16 17:00:00+00:00	2023-05-31 19:30:00+00:00	135	0.08119288653508341	23	0.14285714285714285
EPD	HD	-1.0	2023-04-10 14:30:00+00:00	2023-04-21 16:00:00+00:00	120	0.031201259378477272	23	0.14285714285714285
EPD	HD	1.0	2023-05-02 13:30:00+00:00	2023-05-12 14:30:00+00:00	106	0.003767224130924942	23	0.14285714285714285
BG	KGC	1.0	2023-05-02 15:00:00+00:00	2023-05-19 13:30:00+00:00	166	-0.008636696701510417	23	0.14285714285714285
BG	KGC	-1.0	2023-05-25 17:00:00+00:00	2023-06-02 19:30:00+00:00	70	0.011752038395126821	23	0.14285714285714285
EPD	STLA	-1.0	2023-04-05 18:00:00+00:00	2023-04-27 13:30:00+00:00	186	0.02410908935525144	23	0.14285714285714285
EPD	STLA	1.0	2023-05-02 13:30:00+00:00	2023-05-12 13:30:00+00:00	104	-0.0017508005684244202	23	0.14285714285714285
CZR	SRAD	-1.0	2023-07-18 19:30:00+00:00	2023-08-01 14:00:00+00:00	119	0.009093567231630574	24	1.0
CZR	SRAD	-1.0	2023-08-09 13:30:00+00:00	2023-08-15 14:00:00+00:00	53	0.0038626025585223552	24	1.0
CZR	SRAD	-1.0	2023-08-31 13:30:00+00:00	2023-08-31 16:30:00+00:00	6	-0.015813007932317075	24	1.0
CZR	SRAD	-1.0	2023-08-31 17:00:00+00:00	2023-09-01 19:30:00+00:00	18	0.00036875586932699723	24	1.0
TMO	UBS	1.0	2023-10-09 14:00:00+00:00	2023-10-25 13:30:00+00:00	155	-0.025915045913817686	25	0.25
TMO	UBS	1.0	2023-10-25 14:00:00+00:00	2023-11-02 16:30:00+00:00	83	0.048184305730023184	25	0.25
TMO	UBS	-1.0	2023-11-21 16:30:00+00:00	2023-12-01 20:30:00+00:00	94	0.003588610118258492	25	0.25
LEG	SHO	1.0	2023-09-18 13:30:00+00:00	2023-10-10 17:00:00+00:00	215	-0.012525617637755579	25	0.25
LEG	SHO	1.0	2023-10-19 14:00:00+00:00	2023-10-31 16:30:00+00:00	109	0.01675933976090035	25	0.25
LEG	SHO	1.0	2023-11-13 15:00:00+00:00	2023-12-01 17:00:00+00:00	168	0.0011888651770350558	25	0.25
CHRW	TEL	-1.0	2023-09-15 18:30:00+00:00	2023-09-18 13:30:00+00:00	3	0.006007462346762431	25	0.25
CHRW	TEL	1.0	2023-10-18 13:30:00+00:00	2023-10-20 13:30:00+00:00	26	0.00019199091494006052	25	0.25
CHRW	TEL	1.0	2023-10-25 14:00:00+00:00	2023-11-02 16:00:00+00:00	82	-0.009840407823842242	25	0.25
AEE	TMO	1.0	2023-10-02 15:30:00+00:00	2023-10-09 19:30:00+00:00	73	0.039512397186253254	25	0.25
AEE	TMO	1.0	2023-11-21 14:30:00+00:00	2023-12-01 20:30:00+00:00	98	0.0005245950129747213	25	0.25
HESM	RYAN	-1.0	2024-01-12 14:30:00+00:00	2024-01-19 18:00:00+00:00	59	0.011371109002189968	26	0.2
HESM	RYAN	-1.0	2024-01-24 14:30:00+00:00	2024-02-06 14:30:00+00:00	117	-0.05139420680027832	26	0.2
HESM	PAYX	-1.0	2023-12-21 16:30:00+00:00	2024-01-04 20:00:00+00:00	111	0.009115652886142063	26	0.2
HESM	PAYX	-1.0	2024-01-25 18:30:00+00:00	2024-01-31 15:00:00+00:00	45	-0.0014317348209400677	26	0.2
HESM	PAYX	-1.0	2024-03-05 16:30:00+00:00	2024-03-05 20:30:00+00:00	8	-0.0006512186288332644	26	0.2
TMUS	UPS	-1.0	2024-01-02 15:00:00+00:00	2024-01-24 15:00:00+00:00	195	-0.0026246887145171677	26	0.2
TMUS	UPS	-1.0	2024-02-23 14:30:00+00:00	2024-02-29 19:00:00+00:00	61	-0.0005206744881378456	26	0.2
TMUS	UPS	-1.0	2024-03-05 15:00:00+00:00	2024-03-05 20:30:00+00:00	11	-0.000759207139450416	26	0.2
FLS	FSLY	-1.0	2023-12-20 14:30:00+00:00	2024-01-03 14:30:00+00:00	104	0.017702296817556792	26	0.2
FLS	FSLY	1.0	2024-01-24 14:30:00+00:00	2024-02-07 17:00:00+00:00	135	0.030503960948197045	26	0.2
FLS	FSLY	-1.0	2024-02-15 14:30:00+00:00	2024-02-15 15:00:00+00:00	1	-0.0015366136864564356	26	0.2
FLS	FSLY	-1.0	2024-02-15 15:30:00+00:00	2024-02-15 16:00:00+00:00	1	-0.004601202226340577	26	0.2
FLS	FSLY	-1.0	2024-02-15 16:30:00+00:00	2024-02-15 17:00:00+00:00	1	-0.0018737445627705369	26	0.2
FLS	FSLY	-1.0	2024-02-15 17:30:00+00:00	2024-02-15 18:00:00+00:00	1	-0.004026501794181726	26	0.2
FLS	FSLY	-1.0	2024-02-15 18:30:00+00:00	2024-02-15 19:00:00+00:00	1	-0.003409687291400195	26	0.2
FLS	FSLY	-1.0	2024-02-15 19:30:00+00:00	2024-02-15 20:00:00+00:00	1	0.0005174036407205795	26	0.2
FLS	FSLY	-1.0	2024-02-15 20:30:00+00:00	2024-02-16 14:30:00+00:00	1	-0.001	26	0.2
FLS	FSLY	-1.0	2024-02-16 15:00:00+00:00	2024-02-16 15:30:00+00:00	1	0.003142278169816907	26	0.2
FLS	FSLY	-1.0	2024-02-16 16:00:00+00:00	2024-02-16 16:30:00+00:00	1	4.552984787095562e-05	26	0.2
FLS	FSLY	-1.0	2024-02-16 17:00:00+00:00	2024-03-05 20:30:00+00:00	150	0.031978129609272876	26	0.2
PAYX	RYAN	-1.0	2024-01-24 15:30:00+00:00	2024-01-25 18:30:00+00:00	19	0.019321538544475575	26	0.2
PAYX	RYAN	1.0	2024-02-27 15:30:00+00:00	2024-02-28 14:30:00+00:00	11	0.0009915769672019653	26	0.2
PAYX	RYAN	1.0	2024-02-28 15:00:00+00:00	2024-02-28 15:30:00+00:00	1	-0.0027178962381264157	26	0.2
PAYX	RYAN	1.0	2024-02-28 16:00:00+00:00	2024-02-28 16:30:00+00:00	1	-0.00032043374499582963	26	0.2
PAYX	RYAN	1.0	2024-02-28 17:00:00+00:00	2024-02-28 17:30:00+00:00	1	-0.0020806164870435634	26	0.2
PAYX	RYAN	1.0	2024-02-28 18:00:00+00:00	2024-02-28 18:30:00+00:00	1	-0.001620915079936596	26	0.2
PAYX	RYAN	1.0	2024-02-28 19:00:00+00:00	2024-02-28 19:30:00+00:00	1	-0.003216079270399824	26	0.2
PAYX	RYAN	1.0	2024-02-28 20:00:00+00:00	2024-03-01 14:30:00+00:00	15	-0.010553453656351186	26	0.2
PAYX	RYAN	1.0	2024-03-01 15:00:00+00:00	2024-03-05 20:30:00+00:00	37	-0.020528758211671487	26	0.2
DUOL	PK	-1.0	2024-04-18 14:00:00+00:00	2024-04-19 18:30:00+00:00	22	0.02011856833383564	27	0.25
DUOL	PK	-1.0	2024-04-23 14:00:00+00:00	2024-05-09 15:00:00+00:00	158	-0.059159999886163606	27	0.25
MQ	SVRA	1.0	2024-04-11 16:30:00+00:00	2024-04-18 14:00:00+00:00	60	0.0012110589404390154	27	0.25
MQ	SVRA	1.0	2024-05-22 18:00:00+00:00	2024-05-24 15:00:00+00:00	20	0.015462885206114208	27	0.25
CZR	W	1.0	2024-05-02 13:30:00+00:00	2024-06-03 14:30:00+00:00	275	-0.08448182940905663	27	0.25
BANC	RXRX	1.0	2024-03-15 19:30:00+00:00	2024-03-20 18:00:00+00:00	36	0.012317378853552005	27	0.25
BANC	RXRX	-1.0	2024-03-28 16:30:00+00:00	2024-04-02 15:00:00+00:00	23	0.03353680002529368	27	0.25
BANC	RXRX	-1.0	2024-04-23 15:00:00+00:00	2024-04-23 17:30:00+00:00	5	0.031071420075117095	27	0.25
BANC	RXRX	1.0	2024-05-13 13:30:00+00:00	2024-05-17 14:00:00+00:00	53	-0.0026239318969448057	27	0.25
ALLO	VIPS	-1.0	2024-06-20 16:30:00+00:00	2024-07-03 13:30:00+00:00	111	0.002984492587093726	28	0.2
ALLO	VIPS	-1.0	2024-07-16 13:30:00+00:00	2024-07-22 13:30:00+00:00	52	-0.0027227649675391602	28	0.2
ALLO	VIPS	1.0	2024-08-12 13:30:00+00:00	2024-08-19 18:00:00+00:00	74	0.06040660966178062	28	0.2
ALLO	VIPS	-1.0	2024-08-20 19:30:00+00:00	2024-09-04 19:30:00+00:00	130	0.047564507340142406	28	0.2
DEI	TDOC	-1.0	2024-07-11 13:30:00+00:00	2024-07-11 14:00:00+00:00	1	-0.0037765307402636834	28	0.2
DEI	TDOC	-1.0	2024-07-11 14:30:00+00:00	2024-07-11 15:00:00+00:00	1	-0.0007536724190949533	28	0.2
DEI	TDOC	-1.0	2024-07-11 15:30:00+00:00	2024-07-11 16:00:00+00:00	1	-0.002353964327804488	28	0.2
DEI	TDOC	-1.0	2024-07-11 16:30:00+00:00	2024-07-11 17:00:00+00:00	1	-0.002651289712845857	28	0.2
DEI	TDOC	-1.0	2024-07-11 17:30:00+00:00	2024-07-12 13:30:00+00:00	5	0.0016587203618251565	28	0.2
DEI	TDOC	-1.0	2024-07-12 14:00:00+00:00	2024-07-12 14:30:00+00:00	1	0.005678731104927197	28	0.2
DEI	TDOC	-1.0	2024-07-12 15:00:00+00:00	2024-07-12 16:00:00+00:00	2	-0.011210719950536487	28	0.2
DEI	TDOC	-1.0	2024-07-12 16:30:00+00:00	2024-08-02 14:00:00+00:00	190	0.026925541624918253	28	0.2
RXRX	VIPS	-1.0	2024-06-13 15:00:00+00:00	2024-06-27 13:30:00+00:00	114	-0.003301839213914293	28	0.2
RXRX	VIPS	1.0	2024-07-11 13:30:00+00:00	2024-07-12 16:30:00+00:00	19	0.005158071627411866	28	0.2
RXRX	VIPS	1.0	2024-08-05 13:30:00+00:00	2024-08-14 13:30:00+00:00	91	-0.0333320254665753	28	0.2
RXRX	VIPS	-1.0	2024-08-20 13:30:00+00:00	2024-08-20 14:00:00+00:00	1	-0.00953390371693343	28	0.2
RXRX	VIPS	-1.0	2024-08-20 14:30:00+00:00	2024-08-20 15:00:00+00:00	1	-0.007935915449236346	28	0.2
RXRX	VIPS	-1.0	2024-08-20 15:30:00+00:00	2024-08-20 16:00:00+00:00	1	-0.01584762965220534	28	0.2
RXRX	VIPS	-1.0	2024-08-20 16:30:00+00:00	2024-08-28 15:30:00+00:00	76	0.010312503869326514	28	0.2
RXRX	VIPS	1.0	2024-09-03 14:30:00+00:00	2024-09-04 19:30:00+00:00	23	-0.006123814006118073	28	0.2
HSBC	WPM	1.0	2024-07-05 13:30:00+00:00	2024-07-26 14:30:00+00:00	197	-2.091233260748896e-06	28	0.2
HSBC	WPM	-1.0	2024-07-31 15:00:00+00:00	2024-08-07 13:30:00+00:00	62	-0.010260103453137163	28	0.2
CHD	MNDY	1.0	2024-06-27 14:00:00+00:00	2024-07-10 16:30:00+00:00	104	0.005319326682789777	28	0.2
TTE	TXN	1.0	2024-09-26 13:30:00+00:00	2024-10-02 13:30:00+00:00	52	0.0006621540614332737	29	0.25
TTE	TXN	1.0	2024-10-15 13:30:00+00:00	2024-12-03 20:30:00+00:00	449	-0.016584364108255457	29	0.25
CVNA	TXN	-1.0	2024-09-16 14:30:00+00:00	2024-09-19 13:30:00+00:00	37	-0.0064000256194394825	29	0.25
CVNA	TXN	-1.0	2024-10-21 14:30:00+00:00	2024-10-23 14:00:00+00:00	25	0.00017274610571681994	29	0.25
CVNA	TXN	-1.0	2024-10-31 17:00:00+00:00	2024-11-01 17:00:00+00:00	13	0.021737945384535565	29	0.25
BROS	GOOG	1.0	2024-09-26 14:00:00+00:00	2024-10-11 14:00:00+00:00	143	-0.020961610885245494	29	0.25
BROS	GOOG	-1.0	2024-10-16 15:30:00+00:00	2024-10-29 13:30:00+00:00	113	-0.002431839695441022	29	0.25
BROS	GOOG	1.0	2024-10-30 15:00:00+00:00	2024-11-07 14:30:00+00:00	75	0.013110654422734201	29	0.25
BROS	GOOG	-1.0	2024-11-07 15:00:00+00:00	2024-11-07 15:30:00+00:00	1	0.014962497805769314	29	0.25
BROS	GOOG	-1.0	2024-11-07 16:00:00+00:00	2024-12-03 20:30:00+00:00	225	-0.03512954992744132	29	0.25
PCG	VTR	-1.0	2024-10-14 13:30:00+00:00	2024-10-25 19:30:00+00:00	129	-0.002988202808876387	29	0.25
PCG	VTR	-1.0	2024-11-11 15:30:00+00:00	2024-12-02 19:00:00+00:00	184	-0.019705988786045465	29	0.25
BKR	TGTX	-1.0	2025-01-06 14:30:00+00:00	2025-01-24 17:30:00+00:00	162	-0.005457375689519308	30	0.5
BKR	TGTX	1.0	2025-03-03 14:30:00+00:00	2025-03-03 18:30:00+00:00	8	-0.02378447818406184	30	0.5
BKR	TGTX	1.0	2025-03-03 19:00:00+00:00	2025-03-04 14:30:00+00:00	4	0.002778818789435973	30	0.5
BKR	TGTX	1.0	2025-03-04 15:00:00+00:00	2025-03-04 15:30:00+00:00	1	-0.0015562984684070896	30	0.5
BKR	TGTX	1.0	2025-03-04 16:00:00+00:00	2025-03-07 20:30:00+00:00	48	0.02666126458909976	30	0.5
MGNI	TEL	-1.0	2024-12-17 19:30:00+00:00	2025-01-07 14:30:00+00:00	154	-0.03123872104081548	30	0.5
MGNI	TEL	1.0	2025-01-16 19:00:00+00:00	2025-01-22 14:30:00+00:00	30	-0.0034739764467224773	30	0.5
MGNI	TEL	1.0	2025-01-22 15:00:00+00:00	2025-01-27 15:30:00+00:00	40	0.0035304392230841074	30	0.5
MGNI	TEL	-1.0	2025-02-07 16:30:00+00:00	2025-02-13 14:30:00+00:00	48	0.004681186977446804	30	0.5
IOVA	SM	-1.0	2025-04-03 16:00:00+00:00	2025-04-04 13:30:00+00:00	8	0.0023573436031306496	31	1.0
IOVA	SM	-1.0	2025-04-04 14:00:00+00:00	2025-04-04 14:30:00+00:00	1	-0.004856612299846287	31	1.0
IOVA	SM	-1.0	2025-04-04 15:00:00+00:00	2025-04-17 15:00:00+00:00	117	0.05747913903586261	31	1.0
IOVA	SM	-1.0	2025-05-05 15:00:00+00:00	2025-05-06 19:00:00+00:00	21	0.027817880620227813	31	1.0
IOVA	SM	1.0	2025-05-09 13:30:00+00:00	2025-05-09 14:00:00+00:00	1	0.004902722782409014	31	1.0
IOVA	SM	1.0	2025-05-09 14:30:00+00:00	2025-05-09 15:00:00+00:00	1	-0.0050543504071407655	31	1.0
IOVA	SM	1.0	2025-05-09 15:30:00+00:00	2025-05-09 16:00:00+00:00	1	0.011912936124300165	31	1.0
IOVA	SM	1.0	2025-05-09 16:30:00+00:00	2025-05-09 17:00:00+00:00	1	-0.01958410893725693	31	1.0
IOVA	SM	1.0	2025-05-09 17:30:00+00:00	2025-05-09 18:00:00+00:00	1	-0.004731599343509102	31	1.0
IOVA	SM	1.0	2025-05-09 18:30:00+00:00	2025-05-09 19:00:00+00:00	1	-0.0002494813948383933	31	1.0
IOVA	SM	1.0	2025-05-09 19:30:00+00:00	2025-05-12 13:30:00+00:00	1	-0.0009999999999999998	31	1.0
IOVA	SM	1.0	2025-05-12 14:00:00+00:00	2025-05-12 14:30:00+00:00	1	-0.004162376231068724	31	1.0
IOVA	SM	1.0	2025-05-12 15:00:00+00:00	2025-05-30 13:30:00+00:00	166	-0.045960922266854824	31	1.0
BIDU	OCGN	-1.0	2025-07-07 13:30:00+00:00	2025-07-11 13:30:00+00:00	52	0.00407844231154935	32	0.3333333333333333
BIDU	OCGN	-1.0	2025-07-15 13:30:00+00:00	2025-07-16 13:30:00+00:00	13	-0.016146337422268307	32	0.3333333333333333
BIDU	OCGN	-1.0	2025-08-25 13:30:00+00:00	2025-08-27 13:30:00+00:00	26	0.012601368562079105	32	0.3333333333333333
BIDU	OCGN	-1.0	2025-08-29 14:00:00+00:00	2025-09-08 19:30:00+00:00	76	-0.055230670538804996	32	0.3333333333333333
BIDU	RZLT	-1.0	2025-07-07 13:30:00+00:00	2025-07-10 14:00:00+00:00	40	0.014262562082283985	32	0.3333333333333333
BIDU	RZLT	-1.0	2025-07-15 13:30:00+00:00	2025-07-16 13:30:00+00:00	13	-0.01641541859987886	32	0.3333333333333333
BIDU	RZLT	-1.0	2025-08-25 13:30:00+00:00	2025-08-27 13:30:00+00:00	26	0.01259386890461857	32	0.3333333333333333
BIDU	RZLT	-1.0	2025-08-29 14:00:00+00:00	2025-09-08 19:30:00+00:00	76	-0.05200193883456601	32	0.3333333333333333
BIDU	CX	-1.0	2025-07-07 14:00:00+00:00	2025-07-09 15:30:00+00:00	29	0.01374082346439953	32	0.3333333333333333
BIDU	CX	-1.0	2025-07-15 13:30:00+00:00	2025-07-16 13:30:00+00:00	13	-0.015248225405820775	32	0.3333333333333333
BIDU	CX	-1.0	2025-08-29 14:00:00+00:00	2025-09-08 13:30:00+00:00	64	-0.03634238486114532	32	0.3333333333333333
BIDU	CX	-1.0	2025-09-08 14:00:00+00:00	2025-09-08 19:30:00+00:00	11	-0.00477535111112672	32	0.3333333333333333
ARQT	KC	1.0	2025-09-25 15:00:00+00:00	2025-09-26 13:30:00+00:00	10	-0.003606141145220744	33	0.3333333333333333
ARQT	KC	-1.0	2025-09-29 13:30:00+00:00	2025-10-20 15:00:00+00:00	198	-0.07351999701140224	33	0.3333333333333333
ARQT	KC	1.0	2025-10-27 19:30:00+00:00	2025-10-28 13:30:00+00:00	1	-0.0004999999999999999	33	0.3333333333333333
ARQT	KC	-1.0	2025-10-28 14:00:00+00:00	2025-10-28 14:30:00+00:00	1	0.0071846581490155334	33	0.3333333333333333
ARQT	KC	-1.0	2025-10-28 15:00:00+00:00	2025-10-28 15:30:00+00:00	1	-0.024291183430197413	33	0.3333333333333333
ARQT	KC	-1.0	2025-10-28 16:00:00+00:00	2025-10-28 16:30:00+00:00	1	-0.007070247196097523	33	0.3333333333333333
ARQT	KC	-1.0	2025-10-28 17:00:00+00:00	2025-11-07 15:30:00+00:00	99	0.03265768695360451	33	0.3333333333333333
ARQT	KC	-1.0	2025-11-14 20:30:00+00:00	2025-11-17 15:30:00+00:00	3	-0.01824635815366657	33	0.3333333333333333
ARQT	KC	-1.0	2025-11-17 16:00:00+00:00	2025-12-05 20:30:00+00:00	173	-0.08384122640522179	33	0.3333333333333333
HE	SHW	1.0	2025-09-23 16:30:00+00:00	2025-10-07 15:00:00+00:00	127	-0.01648809835453785	33	0.3333333333333333
HE	SHW	-1.0	2025-10-20 14:30:00+00:00	2025-10-29 19:00:00+00:00	100	-0.018681269971991103	33	0.3333333333333333
HE	SHW	1.0	2025-12-03 15:30:00+00:00	2025-12-04 16:30:00+00:00	15	0.04620503361536628	33	0.3333333333333333
ADBE	BYND	1.0	2025-09-24 17:00:00+00:00	2025-09-26 19:00:00+00:00	30	0.0068641565870360514	33	0.3333333333333333
ADBE	BYND	-1.0	2025-09-29 13:30:00+00:00	2025-09-29 14:00:00+00:00	1	0.04637442787910192	33	0.3333333333333333
ADBE	BYND	-1.0	2025-09-29 14:30:00+00:00	2025-09-29 15:00:00+00:00	1	0.00969687917806468	33	0.3333333333333333
ADBE	BYND	-1.0	2025-09-29 15:30:00+00:00	2025-09-29 16:00:00+00:00	1	-0.0020164720808914047	33	0.3333333333333333
ADBE	BYND	-1.0	2025-09-29 16:30:00+00:00	2025-09-29 17:00:00+00:00	1	-0.012863753227819241	33	0.3333333333333333
ADBE	BYND	-1.0	2025-09-29 17:30:00+00:00	2025-10-01 13:30:00+00:00	18	0.006173977621148119	33	0.3333333333333333
ADBE	BYND	-1.0	2025-10-13 13:30:00+00:00	2025-10-13 14:00:00+00:00	1	0.00697508708764142	33	0.3333333333333333
ADBE	BYND	-1.0	2025-10-13 14:30:00+00:00	2025-10-13 15:00:00+00:00	1	-0.02512819670411009	33	0.3333333333333333
ADBE	BYND	-1.0	2025-10-13 15:30:00+00:00	2025-10-13 16:00:00+00:00	1	0.0013170707984146261	33	0.3333333333333333
ADBE	BYND	-1.0	2025-10-13 16:30:00+00:00	2025-10-14 13:30:00+00:00	7	-0.0032319389644016516	33	0.3333333333333333
ADBE	BYND	-1.0	2025-10-14 14:00:00+00:00	2025-10-14 14:30:00+00:00	1	-0.01593945393072492	33	0.3333333333333333
ADBE	BYND	-1.0	2025-10-14 15:00:00+00:00	2025-10-20 17:30:00+00:00	57	0.014195966933975894	33	0.3333333333333333
ADBE	BYND	1.0	2025-10-22 14:00:00+00:00	2025-10-24 16:30:00+00:00	31	0.295045024088218	33	0.3333333333333333
